"Screen_Tech","Energy_Consumption_per_Year_kW"
"LCD",326.00166666666667
"LED",330.30270907513136
"OLED",386.54315476190476
