"Screen_Tech","Energy_Consumption_per_Year_kW"
"LCD",306.49623867952073
"LED",355.67927199496165
"OLED",533.0641742418338
